,Question
0,retryWhen barred in VSCode
1,"Storybook, TypeScript, when creating a story, compiler is complaining about missing properties from type"
2,Problem with Pandas changing numbers to inf values
3,What are Literals in Python and explain about different Literals?
4,Test Cases on .net core ver-6
5,Type mismatch: why there is .Companion?
6,Need logic to use for loop with condition in JAVA
7,How to do exports for different packages
8,I cannot import by package here. I am using selenium 4.x. Could you please help me with this?
9,on cordova app not able to pring the text
10,Data asset inside Azure ML workspace
11,Golang smart contract issue during invoking
12,Unity 2020.3.42f1 error cs0246 i dont know what to do
13,Regression model for number of instances instead of amount
14,"Graphql Syntax Error: Expected Name, found ""{"""
15,getting TypeError: Cannot read property 'map' of undefined at /node_modules/compromise/builds/three/compromise-three.cjs:1:52703 with Compromise NER
16,How can I condense a long list of items into categories for a repeated logit regression?
17,Running C++ code in JetBrains Fleet using compile_commands.json
18,"Why does ""clear()"" work on Chrome's console, but not ""log()""?"
19,Ajax ruins in memory data jquery element
20,VBA Excel: Autogenerating document from documents and excel sheets
21,How to implement nested aggregations using opensearch java client
22,Run +340 MQTT clients using ACI and Paho-MQTT
23,Google Calendar API How create a Calendar without duplicates
24,Cannot install Scrapy on macOS M1 13.0.1 - lxml installation error: '/usr/bin/clang' failed with exit code 1
25,How can i reduce the codes?
26,Stub Out a Method Call Inside a Method for Testing - JUnit5 and Mockito
27,Get kafka consumer lag as a prometheus metric
28,ngModel detective in Angular like expression does not work fine
29,STD wrapper arround part of std::vector (or alternatives)
30,When I can generate release APK it's give me error
31,Google Cloud Platform: secret as build env variable
32,Disable Keycloak user quickly when account is disabled on identity provider
33,"Can hx-trigger happen in less than a second? E.g. hx-trigger=""every 0.1s"""
34,How can I efficiently partition a list of numbers into a number of nonoverlapping buckets efficiently where there are potentially many buckets?
35,How to store Typescript data types in RxDB?
36,HiddenValueCallback not setting the value in custom OpenAM authentication module
37,UI page (jelly) - how to use dynamic data in g:evaluate
38,how gamma and beta get updated during backward process in batch normalization layer
39,Automating the creation of a skeleton typescript server
40,How Do I Access Stringified JSON In A Step Function Task's Input Path?
41,How to upgrade hibernate-jpamodelgen from 5 to 6?
42,how create command help pags with reaction v12?
43,"How to measure number of ""MACs/inference"" for a Deep neural network?"
44,Error while trying to export gee data and display appears (Error code: 3)
45,Regex for string starting with doueble quote and ending with [
46,Update Azure FrontdoorPremium Web Application Firewall Policy by API
47,TypeScript: passing an empty array to a method with generics
48,Python Function providing incorrect output in Code
49,"Can't create database, '[Name Database]'; exists with doctrine:database:create"
50,retryWhen barred in VSCode
51,"Storybook, TypeScript, when creating a story, compiler is complaining about missing properties from type"
52,Problem with Pandas changing numbers to inf values
53,What are Literals in Python and explain about different Literals?
54,Test Cases on .net core ver-6
55,Type mismatch: why there is .Companion?
56,Need logic to use for loop with condition in JAVA
57,How to do exports for different packages
58,I cannot import by package here. I am using selenium 4.x. Could you please help me with this?
59,on cordova app not able to pring the text
60,Data asset inside Azure ML workspace
61,Golang smart contract issue during invoking
62,Unity 2020.3.42f1 error cs0246 i dont know what to do
63,Regression model for number of instances instead of amount
64,"Graphql Syntax Error: Expected Name, found ""{"""
65,getting TypeError: Cannot read property 'map' of undefined at /node_modules/compromise/builds/three/compromise-three.cjs:1:52703 with Compromise NER
66,How can I condense a long list of items into categories for a repeated logit regression?
67,Running C++ code in JetBrains Fleet using compile_commands.json
68,"Why does ""clear()"" work on Chrome's console, but not ""log()""?"
69,Ajax ruins in memory data jquery element
70,VBA Excel: Autogenerating document from documents and excel sheets
71,How to implement nested aggregations using opensearch java client
72,Run +340 MQTT clients using ACI and Paho-MQTT
73,Google Calendar API How create a Calendar without duplicates
74,Cannot install Scrapy on macOS M1 13.0.1 - lxml installation error: '/usr/bin/clang' failed with exit code 1
75,How can i reduce the codes?
76,Stub Out a Method Call Inside a Method for Testing - JUnit5 and Mockito
77,Get kafka consumer lag as a prometheus metric
78,ngModel detective in Angular like expression does not work fine
79,STD wrapper arround part of std::vector (or alternatives)
80,When I can generate release APK it's give me error
81,Google Cloud Platform: secret as build env variable
82,Disable Keycloak user quickly when account is disabled on identity provider
83,"Can hx-trigger happen in less than a second? E.g. hx-trigger=""every 0.1s"""
84,How can I efficiently partition a list of numbers into a number of nonoverlapping buckets efficiently where there are potentially many buckets?
85,How to store Typescript data types in RxDB?
86,HiddenValueCallback not setting the value in custom OpenAM authentication module
87,UI page (jelly) - how to use dynamic data in g:evaluate
88,how gamma and beta get updated during backward process in batch normalization layer
89,Automating the creation of a skeleton typescript server
90,How Do I Access Stringified JSON In A Step Function Task's Input Path?
91,How to upgrade hibernate-jpamodelgen from 5 to 6?
92,how create command help pags with reaction v12?
93,"How to measure number of ""MACs/inference"" for a Deep neural network?"
94,Error while trying to export gee data and display appears (Error code: 3)
95,Regex for string starting with doueble quote and ending with [
96,Update Azure FrontdoorPremium Web Application Firewall Policy by API
97,TypeScript: passing an empty array to a method with generics
98,Python Function providing incorrect output in Code
99,"Can't create database, '[Name Database]'; exists with doctrine:database:create"
100,retryWhen barred in VSCode
101,"Storybook, TypeScript, when creating a story, compiler is complaining about missing properties from type"
102,Problem with Pandas changing numbers to inf values
103,What are Literals in Python and explain about different Literals?
104,Test Cases on .net core ver-6
105,Type mismatch: why there is .Companion?
106,Need logic to use for loop with condition in JAVA
107,How to do exports for different packages
108,I cannot import by package here. I am using selenium 4.x. Could you please help me with this?
109,on cordova app not able to pring the text
110,Data asset inside Azure ML workspace
111,Golang smart contract issue during invoking
112,Unity 2020.3.42f1 error cs0246 i dont know what to do
113,Regression model for number of instances instead of amount
114,"Graphql Syntax Error: Expected Name, found ""{"""
115,getting TypeError: Cannot read property 'map' of undefined at /node_modules/compromise/builds/three/compromise-three.cjs:1:52703 with Compromise NER
116,How can I condense a long list of items into categories for a repeated logit regression?
117,Running C++ code in JetBrains Fleet using compile_commands.json
118,"Why does ""clear()"" work on Chrome's console, but not ""log()""?"
119,Ajax ruins in memory data jquery element
120,VBA Excel: Autogenerating document from documents and excel sheets
121,How to implement nested aggregations using opensearch java client
122,Run +340 MQTT clients using ACI and Paho-MQTT
123,Google Calendar API How create a Calendar without duplicates
124,Cannot install Scrapy on macOS M1 13.0.1 - lxml installation error: '/usr/bin/clang' failed with exit code 1
125,How can i reduce the codes?
126,Stub Out a Method Call Inside a Method for Testing - JUnit5 and Mockito
127,Get kafka consumer lag as a prometheus metric
128,ngModel detective in Angular like expression does not work fine
129,STD wrapper arround part of std::vector (or alternatives)
130,When I can generate release APK it's give me error
131,Google Cloud Platform: secret as build env variable
132,Disable Keycloak user quickly when account is disabled on identity provider
133,"Can hx-trigger happen in less than a second? E.g. hx-trigger=""every 0.1s"""
134,How can I efficiently partition a list of numbers into a number of nonoverlapping buckets efficiently where there are potentially many buckets?
135,How to store Typescript data types in RxDB?
136,HiddenValueCallback not setting the value in custom OpenAM authentication module
137,UI page (jelly) - how to use dynamic data in g:evaluate
138,how gamma and beta get updated during backward process in batch normalization layer
139,Automating the creation of a skeleton typescript server
140,How Do I Access Stringified JSON In A Step Function Task's Input Path?
141,How to upgrade hibernate-jpamodelgen from 5 to 6?
142,how create command help pags with reaction v12?
143,"How to measure number of ""MACs/inference"" for a Deep neural network?"
144,Error while trying to export gee data and display appears (Error code: 3)
145,Regex for string starting with doueble quote and ending with [
146,Update Azure FrontdoorPremium Web Application Firewall Policy by API
147,TypeScript: passing an empty array to a method with generics
148,Python Function providing incorrect output in Code
149,"Can't create database, '[Name Database]'; exists with doctrine:database:create"
150,retryWhen barred in VSCode
151,"Storybook, TypeScript, when creating a story, compiler is complaining about missing properties from type"
152,Problem with Pandas changing numbers to inf values
153,What are Literals in Python and explain about different Literals?
154,Test Cases on .net core ver-6
155,Type mismatch: why there is .Companion?
156,Need logic to use for loop with condition in JAVA
157,How to do exports for different packages
158,I cannot import by package here. I am using selenium 4.x. Could you please help me with this?
159,on cordova app not able to pring the text
160,Data asset inside Azure ML workspace
161,Golang smart contract issue during invoking
162,Unity 2020.3.42f1 error cs0246 i dont know what to do
163,Regression model for number of instances instead of amount
164,"Graphql Syntax Error: Expected Name, found ""{"""
165,getting TypeError: Cannot read property 'map' of undefined at /node_modules/compromise/builds/three/compromise-three.cjs:1:52703 with Compromise NER
166,How can I condense a long list of items into categories for a repeated logit regression?
167,Running C++ code in JetBrains Fleet using compile_commands.json
168,"Why does ""clear()"" work on Chrome's console, but not ""log()""?"
169,Ajax ruins in memory data jquery element
170,VBA Excel: Autogenerating document from documents and excel sheets
171,How to implement nested aggregations using opensearch java client
172,Run +340 MQTT clients using ACI and Paho-MQTT
173,Google Calendar API How create a Calendar without duplicates
174,Cannot install Scrapy on macOS M1 13.0.1 - lxml installation error: '/usr/bin/clang' failed with exit code 1
175,How can i reduce the codes?
176,Stub Out a Method Call Inside a Method for Testing - JUnit5 and Mockito
177,Get kafka consumer lag as a prometheus metric
178,ngModel detective in Angular like expression does not work fine
179,STD wrapper arround part of std::vector (or alternatives)
180,When I can generate release APK it's give me error
181,Google Cloud Platform: secret as build env variable
182,Disable Keycloak user quickly when account is disabled on identity provider
183,"Can hx-trigger happen in less than a second? E.g. hx-trigger=""every 0.1s"""
184,How can I efficiently partition a list of numbers into a number of nonoverlapping buckets efficiently where there are potentially many buckets?
185,How to store Typescript data types in RxDB?
186,HiddenValueCallback not setting the value in custom OpenAM authentication module
187,UI page (jelly) - how to use dynamic data in g:evaluate
188,how gamma and beta get updated during backward process in batch normalization layer
189,Automating the creation of a skeleton typescript server
190,How Do I Access Stringified JSON In A Step Function Task's Input Path?
191,How to upgrade hibernate-jpamodelgen from 5 to 6?
192,how create command help pags with reaction v12?
193,"How to measure number of ""MACs/inference"" for a Deep neural network?"
194,Error while trying to export gee data and display appears (Error code: 3)
195,Regex for string starting with doueble quote and ending with [
196,Update Azure FrontdoorPremium Web Application Firewall Policy by API
197,TypeScript: passing an empty array to a method with generics
198,Python Function providing incorrect output in Code
199,"Can't create database, '[Name Database]'; exists with doctrine:database:create"
200,retryWhen barred in VSCode
201,"Storybook, TypeScript, when creating a story, compiler is complaining about missing properties from type"
202,Problem with Pandas changing numbers to inf values
203,What are Literals in Python and explain about different Literals?
204,Test Cases on .net core ver-6
205,Type mismatch: why there is .Companion?
206,Need logic to use for loop with condition in JAVA
207,How to do exports for different packages
208,I cannot import by package here. I am using selenium 4.x. Could you please help me with this?
209,on cordova app not able to pring the text
210,Data asset inside Azure ML workspace
211,Golang smart contract issue during invoking
212,Unity 2020.3.42f1 error cs0246 i dont know what to do
213,Regression model for number of instances instead of amount
214,"Graphql Syntax Error: Expected Name, found ""{"""
215,getting TypeError: Cannot read property 'map' of undefined at /node_modules/compromise/builds/three/compromise-three.cjs:1:52703 with Compromise NER
216,How can I condense a long list of items into categories for a repeated logit regression?
217,Running C++ code in JetBrains Fleet using compile_commands.json
218,"Why does ""clear()"" work on Chrome's console, but not ""log()""?"
219,Ajax ruins in memory data jquery element
220,VBA Excel: Autogenerating document from documents and excel sheets
221,How to implement nested aggregations using opensearch java client
222,Run +340 MQTT clients using ACI and Paho-MQTT
223,Google Calendar API How create a Calendar without duplicates
224,Cannot install Scrapy on macOS M1 13.0.1 - lxml installation error: '/usr/bin/clang' failed with exit code 1
225,How can i reduce the codes?
226,Stub Out a Method Call Inside a Method for Testing - JUnit5 and Mockito
227,Get kafka consumer lag as a prometheus metric
228,ngModel detective in Angular like expression does not work fine
229,STD wrapper arround part of std::vector (or alternatives)
230,When I can generate release APK it's give me error
231,Google Cloud Platform: secret as build env variable
232,Disable Keycloak user quickly when account is disabled on identity provider
233,"Can hx-trigger happen in less than a second? E.g. hx-trigger=""every 0.1s"""
234,How can I efficiently partition a list of numbers into a number of nonoverlapping buckets efficiently where there are potentially many buckets?
235,How to store Typescript data types in RxDB?
236,HiddenValueCallback not setting the value in custom OpenAM authentication module
237,UI page (jelly) - how to use dynamic data in g:evaluate
238,how gamma and beta get updated during backward process in batch normalization layer
239,Automating the creation of a skeleton typescript server
240,How Do I Access Stringified JSON In A Step Function Task's Input Path?
241,How to upgrade hibernate-jpamodelgen from 5 to 6?
242,how create command help pags with reaction v12?
243,"How to measure number of ""MACs/inference"" for a Deep neural network?"
244,Error while trying to export gee data and display appears (Error code: 3)
245,Regex for string starting with doueble quote and ending with [
246,Update Azure FrontdoorPremium Web Application Firewall Policy by API
247,TypeScript: passing an empty array to a method with generics
248,Python Function providing incorrect output in Code
249,"Can't create database, '[Name Database]'; exists with doctrine:database:create"
